rsid,chromosome,rsid_start,rsid_end
rs10040989,5,138238036,138238036
rs1052536,17,35004556,35004556
rs10775360,17,70329727,70329727
rs10919070,1,169129799,169129799
rs11153730,6,118346359,118346359
rs11708996,3,38592432,38592432
rs11710077,3,38616408,38616408
rs11779860,8,97838102,97838102
rs12061601,1,169101212,169101212
rs12079745,1,169131822,169131822
rs12143842,1,162064100,162064100
rs12210733,6,118331912,118331912
rs12444261,16,11640786,11640786
rs12930096,16,11576902,11576902
rs1296720,16,3823641,3823641
rs12997023,2,40525842,40525842
rs1396515,17,70434852,70434852
rs164133,1,162411498,162411498
rs16857031,1,162143120,162143120
rs16870629,5,1014948,1014948
rs16936870,8,70277107,70277107
rs17457880,1,162198364,162198364
rs174583,11,61842278,61842278
rs17460657,1,162292036,162292036
rs1775154,1,205727487,205727487
rs17763769,17,70564648,70564648
rs17784882,3,47502513,47502513
rs1805128,21,34449382,34449382
rs1961102,8,102920617,102920617
rs1983546,1,169476945,169476945
rs2072413,7,150950881,150950881
rs2074238,11,2463573,2463573
rs2273042,1,6089062,6089062
rs2273905,14,102508662,102508662
rs2298632,1,23383982,23383982
rs2301696,11,2405754,2405754
rs2363719,4,71272499,71272499
rs236586,17,70207405,70207405
rs246185,16,14301575,14301575
rs246196,16,58540349,58540349
rs2485376,10,102290249,102290249
rs295140,2,200295976,200295976
rs3026445,12,110285398,110285398
rs3105593,15,50552821,50552821
rs347272,1,162348708,162348708
rs3807375,7,150970122,150970122
rs3857067,4,94105283,94105283
rs3902035,6,118679069,118679069
rs3934467,1,162212887,162212887
rs404321,7,72955591,72955591
rs457162,6,118214820,118214820
rs4656345,1,162021447,162021447
rs4657172,1,162209842,162209842
rs4784934,16,58426022,58426022
rs545833,1,168720702,168720702
rs6544311,2,40126137,40126137
rs6599234,3,38673809,38673809
rs6669543,1,162011235,162011235
rs6793245,3,38557546,38557546
rs6801957,3,38725824,38725824
rs7122937,11,2465320,2465320
rs7195486,16,4205179,4205179
rs728478,17,59389143,59389143
rs728926,13,73938985,73938985
rs735951,16,11599680,11599680
rs7545047,1,162221313,162221313
rs7561149,2,178825129,178825129
rs7765828,6,16294491,16294491
rs7808970,7,100483115,100483115
rs846111,1,6219310,6219310
rs938291,2,173877880,173877880
rs9489510,6,118722735,118722735
rs9892651,17,66307675,66307675
rs9920,7,116560038,116560038
rs1042391,6,16290530,16290530
rs1047640,2,173956022,173956022
rs10497520,2,178780128,178780128
rs11068997,12,109945336,109945336
rs116202356,3,38062285,38062285
rs12053903,3,38551902,38551902
rs1361754,1,205832744,205832744
rs1801725,3,122284910,122284910
rs1805123,7,150948446,150948446
rs1805124,3,38603929,38603929
rs2230553,17,34942629,34942629
rs3734381,6,118566140,118566140
rs3734382,6,118565798,118565798
rs55910611,2,219635690,219635690
rs6018,1,169542640,169542640
rs6027,1,169514323,169514323
rs6033,1,169552615,169552615
rs6795970,3,38725184,38725184
rs709209,1,6218354,6218354
rs72648998,2,178710784,178710784
rs7439869,4,94252628,94252628
rs9635769,17,34961344,34961344
rs3189030,10,113634170,113634170
rs75714509,12,110642292,110642292
rs10457327,6,118370989,118370989
rs10497529,2,178975161,178975161
rs1050288,12,27802363,27802363
rs10739663,9,125516460,125516460
rs10789207,1,66525663,66525663
rs10820614,9,96433812,96433812
rs10841486,12,20319268,20319268
rs10880689,12,37536300,37536300
rs11081761,18,32423359,32423359
rs11083258,18,28186254,28186254
rs112421686,11,12237634,12237636
rs11454451,1,217549549,217549548
rs11563648,7,127329992,127329992
rs1171563,1,156486737,156486737
rs117159291,18,22549561,22549561
rs11920570,3,122371255,122371255
rs12364753,11,62675614,62675614
rs12501032,4,23949395,23949395
rs12576326,11,44958832,44958832
rs12579753,12,81825597,81825597
rs1260326,2,27508073,27508073
rs12713404,2,59779570,59779570
rs12721051,19,44918903,44918903
rs12889267,14,21074607,21074607
rs12941356,17,17813217,17813217
rs13002735,2,231404173,231404173
rs13165531,5,30888476,30888476
rs1320761,6,121846992,121846992
rs138186803,7,131280650,131280659
rs140367586,7,100168166,100168166
rs145358377,1,6212077,6212077
rs1468333,5,138217281,138217281
rs1483890,3,69361574,69361574
rs151041685,2,178860510,178860510
rs1549118,14,77913341,77913341
rs1592560,16,10717830,10717830
rs16974196,19,40327563,40327563
rs17180489,14,72418763,72418763
rs17201923,14,85330220,85330220
rs17265513,20,41203988,41203988
rs174536,11,61784455,61784455
rs17494056,2,159196220,159196220
rs17881696,7,100895738,100895738
rs180239,7,93921103,93921103
rs182770070,1,9940418,9940418
rs1994135,12,33529470,33529470
rs2076028,22,38754445,38754445
rs2152735,1,87427449,87427449
rs2283274,12,2075300,2075300
rs2283847,22,27785411,27785411
rs2358740,3,53421542,53421542
rs236349,6,36852789,36852789
rs272564,1,44546601,44546601
rs2744375,6,7554606,7554606
rs2745959,1,207915947,207915947
rs3749237,3,49732599,49732599
rs3792943,6,121437366,121437366
rs3915499,16,15816886,15816886
rs3951016,6,118238495,118238495
rs41312411,3,38579746,38579746
rs41317993,1,207788387,207788387
rs41748,7,116806519,116806519
rs422068,14,23395595,23395595
rs4608502,2,227269439,227269439
rs4868243,5,173216115,173216115
rs4900069,14,91117029,91117029
rs4963772,12,24605546,24605546
rs56233017,8,143907320,143907320
rs564190295,2,174682945,174682965
rs58437978,7,35218665,35218665
rs6123471,20,38211754,38211754
rs61735998,18,36709322,36709322
rs62144050,2,66497930,66497930
rs62172372,2,187377642,187377642
rs6599255,3,38754924,38754924
rs6845865,4,148053451,148053451
rs7173389,15,73371562,73371562
rs7194801,16,65252967,65252967
rs73158705,7,136891353,136891353
rs748802,9,35909521,35909521
rs75190942,11,128894676,128894676
rs7612445,3,179455191,179455191
rs79121763,17,15291962,15291962
rs867400,12,64583070,64583070
rs907683,2,219434819,219434819
rs9326726,5,108411746,108411746
rs10488821,11,30480628,30480628
rs10778876,12,82182441,82182441
rs10850409,12,114943935,114943935
rs10853525,18,44856687,44856687
rs10865879,3,38535871,38535871
rs11079159,17,55296189,55296189
rs11700980,21,28781917,28781917
rs11848785,14,71590638,71590638
rs12036340,1,162045950,162045950
rs12039739,1,115790490,115790490
rs1264353,6,30819985,30819985
rs12764182,10,76131488,76131488
rs12880291,14,71417850,71417850
rs13165478,5,154489480,154489480
rs13185595,5,154492610,154492610
rs13195040,6,27446145,27446145
rs1321311,6,36655123,36655123
rs13314892,3,69745901,69745901
rs1344852,4,20182314,20182314
rs1362212,7,35265695,35265695
rs1408224,13,46641083,46641083
rs1419856,7,35267372,35267372
rs1562782,11,10321164,10321164
rs17020136,2,37020872,37020872
rs1733724,10,52464217,52464217
rs17391905,1,51080468,51080468
rs174577,11,61837342,61837342
rs17608766,17,46935905,46935905
rs1886512,13,73946049,73946049
rs1991601,2,174603041,174603041
rs2025096,20,34952197,34952197
rs2051211,3,38518258,38518258
rs2207790,1,61432295,61432295
rs2242285,3,66381178,66381178
rs2419577,10,110731862,110731862
rs242562,17,45949373,45949373
rs2997447,1,26060932,26060932
rs359466,5,173888863,173888863
rs3770770,2,36965723,36965723
rs3777755,6,12159466,12159466
rs3825214,12,114357638,114357638
rs3929778,20,6479643,6479643
rs4074536,1,115768346,115768346
rs4642101,3,12800724,12800724
rs4687718,3,53248287,53248287
rs4708832,6,159472905,159472905
rs6683273,1,3342619,3342619
rs6968945,7,46601302,46601302
rs7132327,12,114943266,114943266
rs7198919,16,11595035,11595035
rs7211246,17,30158744,30158744
rs7283707,21,15754675,15754675
rs7342028,10,112719503,112719503
rs7537765,1,11827246,11827246
rs7562790,2,36446412,36446412
rs7771320,6,7502516,7502516
rs7784776,7,46580547,46580547
rs7909027,10,18406963,18406963
rs7918405,10,112745706,112745706
rs879568,18,36731696,36731696
rs883079,12,114355435,114355435
rs9296504,6,46661768,46661768
rs9436640,1,61408005,61408005
rs9470361,6,36655602,36655602
rs9851724,3,38678444,38678444
rs991014,18,44859921,44859921
rs9912468,17,66322239,66322239
rs11067773,12,115790690,115790690
rs11264339,1,155168172,155168172
rs11465506,14,23373452,23373452
rs11763856,7,35506177,35506177
rs12127701,1,109295642,109295642
rs12257568,10,103763117,103763117
rs12359272,10,95605406,95605406
rs12678719,8,105503826,105503826
rs13018106,2,163518692,163518692
rs13087058,3,73502077,73502077
rs1372797,11,19993730,19993730
rs16858828,3,111911940,111911940
rs17287293,12,24617944,24617944
rs17446418,4,113496850,113496850
rs17767398,14,71303768,71303768
rs1896312,12,114908619,114908619
rs1984481,17,12734425,12734425
rs2129561,7,131279012,131279012
rs255292,5,173153863,173153863
rs2585897,13,20824840,20824840
rs2732860,2,102781875,102781875
rs343849,4,85741902,85741902
rs3733409,4,186706439,186706439
rs3807989,7,116546187,116546187
rs3856447,2,8610136,8610136
rs397637,1,228265627,228265627
rs4430933,2,66522478,66522478
rs4648819,1,2273351,2273351
rs4901308,14,52913207,52913207
rs6441111,3,157104019,157104019
rs6489953,12,114326957,114326957
rs652673,11,76220247,76220247
rs6599250,3,38742538,38742538
rs718426,13,21511520,21511520
rs7538988,1,51351869,51351869
rs7638853,3,185632918,185632918
rs7729395,5,102764872,102764872
rs881301,8,38474800,38474800
rs900669,3,69357651,69357651
rs904974,15,70155243,70155243
rs922984,2,178751160,178751160
rs9590974,13,46664582,46664582
rs9826413,3,27793256,27793256
rs10484885,6,90395016,90395016
rs10507540,13,46841552,46841552
rs10767455,11,25800278,25800278
rs1106399,2,201003837,201003837
rs12132562,1,172353471,172353471
rs12430683,13,99427730,99427730
rs12468579,2,191832264,191832264
rs1388107,5,118909006,118909006
rs1397988,18,42022802,42022802
rs1439840,2,123408943,123408943
rs1478173,3,162276405,162276405
rs1606812,2,147715326,147715326
rs16895033,8,122297441,122297441
rs17081313,4,32376727,32376727
rs17107548,14,78892142,78892142
rs17156495,7,108763669,108763669
rs17211409,11,86325887,86325887
rs17281245,4,182635289,182635289
rs17639063,3,62534435,62534435
rs1777084,14,43178407,43178407
rs1890262,1,62114402,62114402
rs1997103,7,55395390,55395390
rs200214,6,5478793,5478793
rs2134953,8,4185553,4185553
rs2182486,13,36367082,36367082
rs3736352,6,54254589,54254589
rs4362469,18,70936558,70936558
rs4591595,4,84124440,84124440
rs4855537,3,68955484,68955484
rs4911179,20,33972899,33972899
rs6035275,20,19272210,19272210
rs6088791,20,33907909,33907909
rs624896,5,113856054,113856054
rs6718130,2,18632585,18632585
rs7595140,2,71551621,71551621
rs7713675,5,28750307,28750307
rs7726558,5,118912598,118912598
rs7861565,9,17346855,17346855
rs830233,5,165403746,165403746
rs985292,11,127677874,127677874
rs9853921,3,117959502,117959502
rs9966832,18,23405188,23405188
rs12632942,3,38723507,38723507
rs200882245,1,6219256,6219256
rs2070492,3,38316326,38316326
rs2926743,12,56720316,56720316
rs2958149,12,56716008,56716008
rs34819099,2,178764191,178764191
rs57326399,3,38726809,38726809
rs6762208,3,185613377,185613377
rs737154,5,1065284,1065284
